{"cameraMode":{"drawMode":0,"name":"Shaded","section":"Shading Mode"},"sceneLighting":true,"audioPlay":false,"sceneViewState":{"m_AlwaysRefresh":false,"showFog":true,"showSkybox":true,"showFlares":true,"showImageEffects":true,"showParticleSystems":true,"showVisualEffectGraphs":true,"m_FxEnabled":true},"in2DMode":false,"pivot":{"x":0.46678829193115237,"y":2.2793493270874025,"z":0.16170883178710938},"rotation":{"x":-0.05173343047499657,"y":0.9404142498970032,"z":-0.16676200926303864,"w":-0.29182034730911257},"size":6.2615180015563969,"orthographic":false}