{"cameraMode":{"drawMode":0,"name":"Shaded","section":"Shading Mode"},"sceneLighting":true,"audioPlay":false,"sceneViewState":{"m_AlwaysRefresh":false,"showFog":true,"showSkybox":true,"showFlares":true,"showImageEffects":true,"showParticleSystems":true,"showVisualEffectGraphs":true,"m_FxEnabled":true},"in2DMode":false,"pivot":{"x":14.546128273010254,"y":2.6243391036987306,"z":3.1976211071014406},"rotation":{"x":-0.002936240052804351,"y":0.9294103980064392,"z":-0.3690636157989502,"w":-0.0072370111010968689},"size":1.3256657123565674,"orthographic":false}