{"cameraMode":{"drawMode":0,"name":"Shaded","section":"Shading Mode"},"sceneLighting":true,"audioPlay":false,"sceneViewState":{"m_AlwaysRefresh":false,"showFog":true,"showSkybox":true,"showFlares":true,"showImageEffects":true,"showParticleSystems":true,"showVisualEffectGraphs":true,"m_FxEnabled":true},"in2DMode":false,"pivot":{"x":12.626944541931153,"y":4.55571985244751,"z":2.3089497089385988},"rotation":{"x":-0.00214103190228343,"y":0.9866763949394226,"z":-0.16216455399990083,"w":-0.013028585352003575},"size":1.8896812200546265,"orthographic":false}