{"cameraMode":{"drawMode":0,"name":"Shaded","section":"Shading Mode"},"sceneLighting":true,"audioPlay":false,"sceneViewState":{"m_AlwaysRefresh":false,"showFog":true,"showSkybox":true,"showFlares":true,"showImageEffects":true,"showParticleSystems":true,"showVisualEffectGraphs":true,"m_FxEnabled":true},"in2DMode":false,"pivot":{"x":21.929147720336915,"y":0.8169683814048767,"z":-0.022441083565354348},"rotation":{"x":0.29907745122909548,"y":-0.6994275450706482,"z":0.4307517111301422,"w":0.48563119769096377},"size":1.198904275894165,"orthographic":false}